{
  "project_info": {
    "project_number": "1063436083415",
    "firebase_url": "https://relay-control-b4158-default-rtdb.firebaseio.com",
    "project_id": "relay-control-b4158",
    "storage_bucket": "relay-control-b4158.appspot.com"
  },
  "client": [
    {
      "client_info": {
        "mobilesdk_app_id": "1:1063436083415:android:f6928bbd1a7c18a0c95092",
        "android_client_info": {
          "package_name": "com.example.agrotech"
        }
      },
      "oauth_client": [
        {
          "client_id": "1063436083415-epqprta4oole1p0tdph5tlf835ai45pc.apps.googleusercontent.com",
          "client_type": 3
        }
      ],
      "api_key": [
        {
          "current_key": "AIzaSyAP3yVwkvRg3w_KSXDoF6_1TWv5rVWEPKA"
        }
      ],
      "services": {
        "appinvite_service": {
          "other_platform_oauth_client": [
            {
              "client_id": "1063436083415-epqprta4oole1p0tdph5tlf835ai45pc.apps.googleusercontent.com",
              "client_type": 3
            }
          ]
        }
      }
    }
  ],
  "configuration_version": "1"
}